id,bereich,beschreibung,niedrig,mittel,hoch,einheit,art,quelle,datum
usd_je_eur,Umrechnung,EZB-Referenzkurs,1.1177,1.1177,1.1177,USD je EUR,gemessen,"EZB eurofxref-daily.xml (https://www.ecb.europa.eu/stats/eurofxref/eurofxref-daily.xml), Kurs vom 07.10.2026",2026-10-07
tok_agent,Tokens,"Agent je Ticket, Mittelwert",0.02804,0.02804,0.02804,USD je Ticket,gemessen,"UC6 evals/goldset_nachher, 45 Läufe, Mittelwert kosten_usd (= deployter Stand), Commit bf895b6",2026-10-02
tok_antwort,Tokens,"Haiku endgültige Antwort je Ticket mit Freigabe, Mittelwert",0.00483,0.00483,0.00483,USD je Freigabe,gemessen,"Neon antworten, 5 Live-Läufe, Mittelwert kosten_usd",2026-10-02
tok_judge,Tokens,"Judge u1 (Sonnet 5) je Urteil, Mittelwert",0.01661,0.01661,0.01661,USD je Urteil,gemessen,"Neon pruefungen, 5 Live-Urteile, Mittelwert kosten_usd",2026-10-02
judge_quote,Tokens,Anteil der Tickets mit Judge-Urteil,0.20,0.20,0.20,Anteil,dokumentiert,"UC7 app/pruefung.py STICHPROBE_PROZENT = 20, Commit 33458ad (Deckel 0,50 USD/Monat im Modell aufgehoben)",2026-10-02
hosting_fix,Hosting,"Cloud Run, fester Monatsblock (0,89 EUR für 10 Tage × 30/10)",2.67,2.67,2.67,EUR je Monat,gemessen,"Julian, Konsole, 08.10.: 0,89 EUR vom 29.09. bis 08.10.",2026-10-08
neon_fix,Hosting,Neon Free-Plan,0,0,0,EUR je Monat,gemessen,"Julian, Konsole, 08.10.: 0,53 h Compute, 0,05 GB, 0 EUR",2026-10-08
cr_preis_vcpu,Hosting,"Cloud Run instanzbasiert, Tier 2 (europe-west3)",0.0000216,0.0000216,0.0000216,USD je vCPU-s,Listenpreis,"https://cloud.google.com/run/pricing, Services (Instance-based billing), Tier 2; Frankfurt steht unter Tier 2",2026-10-08
cr_preis_gib,Hosting,"Cloud Run instanzbasiert, Tier 2 (europe-west3)",0.0000024,0.0000024,0.0000024,USD je GiB-s,Listenpreis,"https://cloud.google.com/run/pricing, Services (Instance-based billing), Tier 2",2026-10-08
laufzeit,Hosting,"Dauer eines Agent-Laufs, Mittelwert",26.06,26.06,26.06,s je Ticket,gemessen,"Neon laeufe.dauer_s, 13 Live-Läufe",2026-10-02
auslastung,Hosting,"Anteil der abgerechneten Instanzzeit, in der ein Agent läuft (1 Lauf je Instanz, 1 vCPU / 1 GiB)",1.0,0.5,0.25,Anteil,Annahme,"eigene Annahme; Instanzen leben nach dem Lauf weiter, Mindestabrechnung 1 min je Instanz (cloud.google.com/run/pricing). Modell nutzt mittel",2026-10-08
min_ohne_agent,Personal,Minuten je Ticket ohne Agent (Mensch komplett),5,8,14.4,min je Ticket,Branche,"niedrig: Zendesk ~5 min netto (Webinar 02/2026, Sekundärquelle stealthagents.com); mittel: eigene Annahme zwischen Routine-E-Mail 4–6 und komplex 8–15 min (Salesforce State of Service 2025, Sekundärquelle); hoch: MetricNet 14,39 min je Kontakt, IT-Service-Desk (Beispielbericht 2023, rightstar.com). Modell nutzt mittel",2026-10-08
brutto_monat,Personal,"Bruttomonatsentgelt Kundenservice (Kaufmann/-frau Dialogmarketing), Vollzeit",2433,2922,,EUR je Monat,Branche,"Entgeltatlas der Bundesagentur für Arbeit: Median 2.922 EUR, unteres Quartil 2.433 EUR (laut Websuche 08.10.2026, im Original prüfen)",2026-10-08
ag_faktor,Personal,Arbeitgeberkosten auf das Brutto (Sozialversicherung AG-Anteil u. a.),1.21,1.21,1.21,Faktor,Annahme,"eigene Annahme: AG-Anteil Sozialversicherung rund 21 %",2026-10-08
stunden_jahr,Personal,Produktive Stunden je Vollzeitkraft und Jahr,1600,1600,1600,h je Jahr,Annahme,"eigene Annahme: rund 205 Arbeitstage × 8 h nach Urlaub, Feiertagen, Krankheit",2026-10-08
arbeitskosten_stunde,Personal,Arbeitskosten je geleistete Stunde Deutschland 2025 (alle Beschäftigten),,,45.00,EUR je h,Branche,"Destatis, Pressemitteilung 29.04.2026 (zitiert nach IHK Heilbronn-Franken: https://www.ihk.de/heilbronn-franken/produktmarken/zahlen-daten-fakten/aktuelles/eine-arbeitsstunde-kostete-2025-durchschnittlich-45-euro-7043140)",2026-04-29
eur_je_minute,Personal,Personalkosten je Arbeitsminute,0.3680,0.4420,0.7500,EUR je min,abgeleitet,"niedrig/mittel: brutto_monat × 12 × ag_faktor / stunden_jahr / 60 (2.433 bzw. 2.922 EUR); hoch: arbeitskosten_stunde / 60. Gegenprobe MetricNet 0,41 USD/min = 0,367 EUR/min. Modell nutzt mittel",2026-10-08
anteil_freigabe,Szenario,Anteil der Tickets mit Erstattungsempfehlung (Freigabe durch Mensch),0.10,0.15,0.20,Anteil,Szenario,"Anker: Goldset UC6 Ist 6/45 = 13 %, Soll 3/15 = 20 %; UC2-Goldset billing 13/73 = 18 % (davon nur ein Teil erstattungsfähig). niedrig = optimistisch",2026-10-08
anteil_uebergabe,Szenario,Anteil der Tickets mit Übergabe an Mensch,0.15,0.30,0.50,Anteil,Szenario,"Anker: Goldset UC6 Ist 10/45 = 22 % (nur Abo-/Geld-Tickets); Klarna 2024 zwei Drittel automatisiert ≈ 33 % Übergabe; UC2-Goldset: technical + other = 30/73 = 41 % außerhalb der Werkzeuge. niedrig = optimistisch",2026-10-08
min_freigabe,Szenario,Minuten je Freigabe (Empfehlung prüfen und entscheiden),1,2,4,min je Freigabe,Annahme,"eigene Annahme, ungemessen (Neon-Klickzeiten sind Tests). niedrig = optimistisch. Messen: 10–20 Freigaben mit Stoppuhr",2026-10-08
faktor_uebergabe,Szenario,"Minuten je Übergabe = min_ohne_agent × Faktor",1.0,1.1,1.3,Faktor,Annahme,"Vorgabe Julian 08.10.: Eine Übergabe kostet mindestens so viel wie das Ticket ohne Agent (1,0), mit Kontextwechsel und Zwischennachricht an den Kunden mehr (1,1 / 1,3). niedrig = optimistisch",2026-10-08
anteil_nacharbeit,Szenario,"Anteil autonomer Tickets mit Nacharbeit; je Fall min_ohne_agent Minuten",0.05,0.14,0.20,Anteil,gemessen (mittel),"mittel = gemessen beim deployten Stand: UC6 autonome Läufe mit falscher Kernaussage (Judge j2 entwurf_ok = false) 4/29 = 14 % (95-%-Wilson 5–31 %), Commit bf895b6; T04 ist systematisch (3/3) und wird nicht herausgerechnet (Vorgabe Julian 08.10.). niedrig 5 % ≈ UC4 v3 1/24 = 4 % (f4a922c); hoch 20 % (Vorgabe Julian). niedrig = optimistisch",2026-10-08
nacharbeit_ohne_t04,Reparatur T04,"Anteil autonomer Läufe mit falscher Kernaussage, wenn die T04-Fehler wegfallen",0.0385,0.0385,0.0385,Anteil,gemessen,"UC6 goldset_nachher ohne T04: 1/26 (T02_lauf1), Commit bf895b6",2026-10-08
anteil_t04_an_autonom,Reparatur T04,"Anteil T04-artiger Fälle an den autonomen Läufen (würden nach Reparatur zu Freigaben)",0.1034,0.1034,0.1034,Anteil,gemessen,"UC6 goldset_nachher: 3 von 29 autonomen Läufen sind T04, Commit bf895b6",2026-10-08
fehlerquote_auto,Doppelbuchung,Anteil fälschlich automatisch erstatteter Doppelbuchungen,0.005,0.01,0.05,Anteil,Szenario,"Vorgabe Julian 08.10. Gemessen: 0 Fehler in 6 Läufen (UC6 T01 3×, T02 3×), obere 95-%-Grenze nach Dreierregel 3/6 = 50 %",2026-10-08
betrag_auto,Doppelbuchung,Erstattungsbetrag je Fall,6.99,,59.00,EUR,Szenario,"Vorgabe Julian 08.10. (Monatsabo bzw. Jahresabo; im Goldset in USD)",2026-10-08
einrichtung_h,Pricing,"Einrichtung je Kunde (Helpdesk anbinden, Werkzeuge an Kundendaten, Wissensartikel, Goldset-Abnahme)",20,40,80,h je Kunde,Annahme,"eigene Annahme, keine Quelle; verteilt auf verteilung_monate",2026-10-08
kundensupport_h,Pricing,Laufender Kundensupport je Kunde,2,4,8,h je Monat,Annahme,"eigene Annahme, keine Quelle (Rückfragen, Prompt- und Regelpflege, Monatsbericht)",2026-10-08
stundensatz_anbieter,Pricing,Kosten einer Stunde eigener Arbeit (Anbieter),45.00,58.50,104.00,EUR je h,Branche,"niedrig: Destatis Arbeitskosten je geleistete Stunde 2025, alle Wirtschaftszweige (siehe arbeitskosten_stunde); mittel: Destatis 2025, Wirtschaftszweig Information und Kommunikation 58,50 EUR (laut Websuche, statistiken-aktuell.de/arbeitskosten-2025-datenmonitor, im Original prüfen); hoch: freelancermap Freelancer-Kompass 2025, IT-Freelancer 104 EUR/h (computerwoche.de) als Marktpreis bei Zukauf",2026-10-08
verteilung_monate,Pricing,"Monate, auf die die Einrichtung verteilt wird",12,12,12,Monate,Vorgabe,Vorgabe Julian 08.10.,2026-10-08
aufschlag,Pricing,"Aufschlag auf die Vollkosten (Untergrenze); Aufschlag = (Preis − Kosten) / Kosten",0.20,0.20,0.20,Anteil,Vorgabe,"Vorgabe Julian 08.10.: Untergrenze = Vollkosten × 1,2",2026-10-08
anteil_kunde_min,Pricing,"Mindestanteil der Brutto-Ersparnis, der beim Kunden bleibt (Obergrenze)",0.50,0.50,0.50,Anteil,Vorgabe,Vorgabe Julian 08.10.: Obergrenze = 50 % der Brutto-Ersparnis,2026-10-08
abbau_jahr2,Pricing,Abbau von Support-Stellen beim Kunden im zweiten Jahr,0.30,0.30,0.30,Anteil,Vorgabe,Vorgabe Julian 08.10.,2026-10-08
fin_preis,Wettbewerb,Intercom Fin je Outcome,0.99,0.99,0.99,USD je Outcome,Listenpreis (geprüft),"Primärquelle: https://www.intercom.com/pricing („Fin is priced at $0.99 per outcome“, Mindestabnahme z. B. 50 Outcomes neben fremdem Helpdesk) und https://www.intercom.com/help/en/articles/8205718-fin-ai-agent-outcomes (Resolution und Procedure Handoff je 0,99 USD, höchstens ein Outcome je Gespräch; Resolution auch „assumed“, wenn der Kunde ohne weitere Frage geht), abgerufen 2026-10-08",2026-10-08
grundgebuehr,Preis (Entscheidung),Grundgebühr je Kunde,450,450,450,EUR je Monat,Entscheidung,"Entscheidung Julian 08.10. (ca. 450 EUR/Monat), docs/decisions.md",2026-10-08
preis_geloest,Preis (Entscheidung),"Preis je gelöstem Ticket (ohne Übergabe, nicht innerhalb von 7 Tagen wieder geöffnet)",0.75,0.75,0.75,EUR je gelöstem Ticket,Entscheidung,"Entscheidung Julian 08.10. (ca. 0,75 EUR), docs/decisions.md",2026-10-08
